{"cameraMode":{"drawMode":0,"name":"Shaded","section":"Shading Mode"},"sceneLighting":true,"audioPlay":false,"sceneViewState":{"m_AlwaysRefresh":false,"showFog":true,"showSkybox":true,"showFlares":true,"showImageEffects":true,"showParticleSystems":true,"showVisualEffectGraphs":true,"m_FxEnabled":true},"in2DMode":false,"pivot":{"x":0.3002738952636719,"y":0.5950131416320801,"z":14.841813087463379},"rotation":{"x":-0.25944575667381289,"y":0.6754001975059509,"z":-0.2771628499031067,"w":-0.6322349905967712},"size":13.783145904541016,"orthographic":false}